CPF,Empresa,Extras
958.360.258-68,empresa1@exemplo.com,Extra info 1
850.351.735-21,empresa2@exemplo.com,Extra info 2
583.947.697-97,empresa3@exemplo.com,Extra info 3
960.774.617-88,empresa4@exemplo.com,Extra info 4
258.945.127-89,empresa5@exemplo.com,Extra info 5
260.126.481-40,empresa6@exemplo.com,Extra info 6
463.331.533-39,empresa7@exemplo.com,Extra info 7
111.366.815-82,empresa8@exemplo.com,Extra info 8
107.130.416-49,empresa9@exemplo.com,Extra info 9
989.531.935-18,empresa10@exemplo.com,Extra info 10
743.367.681-89,empresa11@exemplo.com,Extra info 11
707.977.617-69,empresa12@exemplo.com,Extra info 12
634.815.878-29,empresa13@exemplo.com,Extra info 13
408.820.273-80,empresa14@exemplo.com,Extra info 14
900.682.151-20,empresa15@exemplo.com,Extra info 15
300.955.476-68,empresa16@exemplo.com,Extra info 16
854.223.412-77,empresa17@exemplo.com,Extra info 17
100.796.329-97,empresa18@exemplo.com,Extra info 18
696.539.681-34,empresa19@exemplo.com,Extra info 19
685.862.906-66,empresa20@exemplo.com,Extra info 20
806.452.621-80,empresa21@exemplo.com,Extra info 21
602.712.521-20,empresa22@exemplo.com,Extra info 22
406.516.554-91,empresa23@exemplo.com,Extra info 23
619.243.824-49,empresa24@exemplo.com,Extra info 24
990.826.767-42,empresa25@exemplo.com,Extra info 25
499.477.147-94,empresa26@exemplo.com,Extra info 26
258.884.324-60,empresa27@exemplo.com,Extra info 27
401.134.619-97,empresa28@exemplo.com,Extra info 28
768.158.751-59,empresa29@exemplo.com,Extra info 29
521.378.916-46,empresa30@exemplo.com,Extra info 30
991.624.295-46,empresa31@exemplo.com,Extra info 31
570.845.971-99,empresa32@exemplo.com,Extra info 32
349.634.897-17,empresa33@exemplo.com,Extra info 33
577.867.270-33,empresa34@exemplo.com,Extra info 34
189.377.611-91,empresa35@exemplo.com,Extra info 35
702.142.677-78,empresa36@exemplo.com,Extra info 36
864.142.734-72,empresa37@exemplo.com,Extra info 37
190.418.513-62,empresa38@exemplo.com,Extra info 38
562.562.255-96,empresa39@exemplo.com,Extra info 39
583.297.517-55,empresa40@exemplo.com,Extra info 40
541.514.551-12,empresa41@exemplo.com,Extra info 41
361.910.189-49,empresa42@exemplo.com,Extra info 42
781.765.227-71,empresa43@exemplo.com,Extra info 43
173.502.466-34,empresa44@exemplo.com,Extra info 44
662.829.927-91,empresa45@exemplo.com,Extra info 45
629.471.812-11,empresa46@exemplo.com,Extra info 46
376.129.858-85,empresa47@exemplo.com,Extra info 47
201.131.161-88,empresa48@exemplo.com,Extra info 48
839.954.330-99,empresa49@exemplo.com,Extra info 49
924.175.875-16,empresa50@exemplo.com,Extra info 50
212.200.337-97,empresa51@exemplo.com,Extra info 51
485.191.132-22,empresa52@exemplo.com,Extra info 52
120.985.498-51,empresa53@exemplo.com,Extra info 53
858.112.332-47,empresa54@exemplo.com,Extra info 54
700.361.408-55,empresa55@exemplo.com,Extra info 55
131.194.279-34,empresa56@exemplo.com,Extra info 56
785.261.647-68,empresa57@exemplo.com,Extra info 57
966.213.811-39,empresa58@exemplo.com,Extra info 58
112.235.394-86,empresa59@exemplo.com,Extra info 59
860.888.645-10,empresa60@exemplo.com,Extra info 60
933.711.121-50,empresa61@exemplo.com,Extra info 61
893.230.672-13,empresa62@exemplo.com,Extra info 62
805.609.617-99,empresa63@exemplo.com,Extra info 63
121.989.292-72,empresa64@exemplo.com,Extra info 64
108.130.550-13,empresa65@exemplo.com,Extra info 65
675.988.870-36,empresa66@exemplo.com,Extra info 66
925.410.210-60,empresa67@exemplo.com,Extra info 67
360.531.859-83,empresa68@exemplo.com,Extra info 68
927.349.431-89,empresa69@exemplo.com,Extra info 69
917.977.902-45,empresa70@exemplo.com,Extra info 70
215.286.955-10,empresa71@exemplo.com,Extra info 71
437.709.531-90,empresa72@exemplo.com,Extra info 72
581.925.232-93,empresa73@exemplo.com,Extra info 73
242.292.829-83,empresa74@exemplo.com,Extra info 74
568.606.435-53,empresa75@exemplo.com,Extra info 75
605.813.150-87,empresa76@exemplo.com,Extra info 76
415.125.205-69,empresa77@exemplo.com,Extra info 77
885.308.145-26,empresa78@exemplo.com,Extra info 78
843.971.781-41,empresa79@exemplo.com,Extra info 79
100.644.323-86,empresa80@exemplo.com,Extra info 80
376.122.623-37,empresa81@exemplo.com,Extra info 81
789.914.752-93,empresa82@exemplo.com,Extra info 82
764.942.685-23,empresa83@exemplo.com,Extra info 83
331.779.472-45,empresa84@exemplo.com,Extra info 84
676.936.248-15,empresa85@exemplo.com,Extra info 85
600.232.148-52,empresa86@exemplo.com,Extra info 86
659.833.363-46,empresa87@exemplo.com,Extra info 87
146.910.499-58,empresa88@exemplo.com,Extra info 88
493.483.904-26,empresa89@exemplo.com,Extra info 89
107.358.346-99,empresa90@exemplo.com,Extra info 90
779.534.696-80,empresa91@exemplo.com,Extra info 91
741.451.934-98,empresa92@exemplo.com,Extra info 92
932.747.990-61,empresa93@exemplo.com,Extra info 93
125.142.242-61,empresa94@exemplo.com,Extra info 94
350.461.356-70,empresa95@exemplo.com,Extra info 95
512.674.722-14,empresa96@exemplo.com,Extra info 96
840.138.932-11,empresa97@exemplo.com,Extra info 97
439.315.953-79,empresa98@exemplo.com,Extra info 98
154.396.621-39,empresa99@exemplo.com,Extra info 99
325.285.966-93,empresa100@exemplo.com,Extra info 100
